,submission_id,author,body,score,year,month
0,y57cbw,eeek0711,Or Cleveland Park in DC,4,2022,10
1,y57cbw,eeek0711,Takoma Park MD,3,2022,10
2,y57cbw,nonmimeticform,Baltimore,3,2022,10
3,y57cbw,dcgirlsmallworld,"If you are looking for a quiet neighborhood with an older population, I would stay far away from Navy Yard. Navy Yard is notorious for having a younger and frattier population. Capitol Hill probably fits your description the best (especially around Eastern Market). I would also take a look at Bloomingdale which is about a 10 minute walk to the bars in Shaw.",3,2022,10
4,y57cbw,eeek0711,I lived in the DeLano Apartments in Woodley Park and itâ€™s most exactly what youâ€™re looking for,2,2022,10
5,y57cbw,samthehaggis,"Agreed to Cleveland Park and Woodley Park. There are plenty of condo/apartment buildings in the area and it's very calm and leafy while still having easy access to the Metro, supermarkets, and restaurants.",1,2022,10
6,y57cbw,Adept-Pension-1312,Mt Pleasant,1,2022,10
7,y57cbw,rshorn,Hill East is great! Lived there for three years up until this past June. Tree and row home lined streets with lots of young families. Close to eastern market and Capitol Hill. (Iâ€™m also renting out my condo there if youâ€™re interested ðŸ˜¬. 2br2/2bth),1,2022,11
8,y57cbw,danimaymoj315,"Probably Capitol Hill, Cleveland Park, and Logan Circle would work :)",1,2022,11
9,y57cbw,zazaza05,"Thank you, very helpful because I was considering navy yard until your comment",1,2022,10
10,utr8aw,,Too much Fox news,9,2022,05
11,utr8aw,dans_cafe,"Generally speaking, robberies and muggings are random.  You're just as likely to get mugged on H Street, Eastern Market, the Wharf, Upper Northwest, Takoma, or Brookland.

In terms of commute, where are you trying to get to?",1,2022,05
12,utr8aw,Ok_Priority_1534,"Downtown/Central DC.

As I'm looking at different neighborhood's there are correlations made between prices and reported crime rates. 
There are definitely patterns, it's just not entirely clear what they mean beyond statistics. 
I currently live in a city that supposedly high crime. There have been three homicides within a half mile of my home in the last 6 months but I'm in a quiet little pocket that gets no traffic and has little to no crime.",1,2022,05
13,utr8aw,dans_cafe,"of course there are.  And probably, it's over-reported/underreported depending on where you are.  Generally speaking, I'd figure the three most important things to you and go from there.  Do you want to be able to walk to the grocery store?  Do you have a car?  Do you care about Metro?  Once you answer those questions, the answer tends to reveal itself.

the district is a city.  Treat it as such and you'll be fine.",1,2022,05
14,32cqd6,Mingusfan101,"You might also check out Navy Yard, down near Nationals Stadium.  Like NoMa, it's right near a Metro, and while you're going to see some people hanging around, it's busy enough (especially during the summer with baseball games going on) that that issue largely resolves itself.  It's also fairly close to Eastern Market.

",2,2015,04
15,32cqd6,AUBlazin,"Haha well you have decided to live in the sketchy hip area, your best bet is Capitol Hill Proper, or one of the new NOMA high rises. With NOMA you could be right by the metro, but honestly you are gonna have deadbeats hanging around any of these neighborhoods. H St NE is a super fun area though.

Recent headlines for H St. This happened right in the middle of the bar district, still love the neighborhood and don't let it scare you off, this is a once every couple years incident.
http://www.washingtonpost.com/blogs/dr-gridlock/wp/2015/04/10/h-street-ne-remains-closed-friday-morning-after-shootout/",1,2015,04
16,20t3z6,,"Unfortunately MPD is notorious for underreporting crimes in order to make themselves look better.

http://www.titanoftrinidad.com/2013/06/mpd-hiding-most-crimes-from-public/

Perusing the comments on wapo, the various neighborhood blogs, and /r/washingtondc reveals many instances of MPD either flat-out discouraging citizens from reporting crimes or incorrectly categorizing incidents like theft as lost property instead.",2,2014,03
17,20t3z6,AUBlazin,I completely understand and believe what you are saying. At the least I think this map could give you an idea of crime amount in certain areas as compared to others.,2,2014,03
18,1h3ldb4,theoffice_s4e4_3458,Messaged!,2,2024,12
19,1h3ldb4,Aggressive_Track_734,dm'd you,2,2024,12
20,1h3ldb4,jalabi99,"> The lease runs through July 31, 2024

u/Equivalent-Pick1097 did you mean that the lease runs through July 31, **2025** ?",1,2024,11
21,1h3ldb4,DharmaDivine,Is it one month or two months free rent?,1,2024,11
22,1h3ldb4,browsingxx,How much is it month to month?,1,2024,12
23,1h3ldb4,Equivalent-Pick1097,"So sorry for the typo, Yes July 31st, 2025",2,2024,12
24,1h3ldb4,Equivalent-Pick1097,One month of free rent! my apologies for the typo at the end,1,2024,12
25,1fbfdzi,Existing_Matter1522,"Hey I have a really great place you can sublet. Itâ€™s super convenient as itâ€™s right next to the green line. It comes fully furnished with a w/d unit, parking, a gym and is in a great neighborhood convenient for commuting and shopping. Send me a Dm and I can give you more details",1,2024,09
26,1fbfdzi,suzeroonie,"What's your budget? My husband and I are moving and we're looking for someone to take our least from Nov 1 onward. The lease renews July 2025. It's $3,700 a month and It's 3 bed (1 smaller bedroom that would make a better office), 1.5 bath, 2 parking spots, in unit laundry and a yard. 10 minute walk to Shaw Metro.",1,2024,10
27,1fbfdzi,Thick-Definition7416,Iâ€™m solo so no need for 3 bed and itâ€™s out of my budget but thanks!,1,2024,10
28,1fbmdlr,Ok_Contribution3863,Dm me,1,2024,09
29,1dljgkt,Suspicious_Bad7689,hi!! im super interested!! can you pm me with your email/number? (:,1,2024,06
30,1dljgkt,ComprehensiveDirt826,Is it pet friendly?,1,2024,06
31,1cvsvu4,4RunnerPilot,1630 is outrageous to split a 2/2. You can get studios in that location for the same amount.,3,2024,05
32,1br1gpm,ComprehensiveDirt826,Is this still available,1,2024,06
33,17ed6rg,skaballet,"What neighborhood is your work in? That matters.

I would look at noma and maybe navy yard. They donâ€™t really meet the community feel part but have a lot of newer apartments which should have options in the upper end of your budget.",6,2023,10
34,17ed6rg,Brinzy,"I am not a super nature-y person myself, so YMMV - but I live in Forest Hills on the edge of Van Ness. This is very close (walking distance) to Rock Creek Park which is one of the better attractions for nature in DC. Someone can correct me if Iâ€™m wrong.

Itâ€™s about 10 minutes from my door to the train platform, and thereâ€™s a Giant grocery store with a solid selection. I think thereâ€™s also a Safeway, but Iâ€™ve never been. Thereâ€™s a new urgent care, a CVS, some reasonable (for DC) priced restaurants and some upscale restaurants, some gyms, and a UPS off the top of my head. Really the only thing I miss is a bank - there was a Wells Fargo nearby two years ago, but itâ€™s been gone.

Where I live, you can go in one direction to make your way into the heart of the city, or you can go the other to get to nature. I live across the street from a park, and itâ€™s about half a mile to Rock Creek Park. Itâ€™s usually pretty quiet here, for the city.

I am a full time student and work full time. Itâ€™s tough sometimes for me without any familial support, but I have been here two years. Itâ€™s only getting better as time goes on. You sound as if youâ€™re in a much stronger financial position than me, so youâ€™d do well here.

Finally, I canâ€™t answer this perfectly for you as a man, but nighttime is generally safe here, for the city. I am a night owl and will walk at night during warm months (talking anytime between 8 PM and 1 AM) - I havenâ€™t had any problems. But again, Iâ€™m a man.",2,2023,10
35,17ed6rg,Snowbold,"I had this same issue while finding a place. I decided to go for Arlington and commute as a means of making the price work. 

I prefer not to be in DC personally but the western side is safer. Also account for utilities when you look at prices.",1,2023,10
36,17ed6rg,bibrexd,"Seconding navy yard, adding the wharf and waterfront as well since theyâ€™re all essentially linked.

Personally as a mid 30s, Arlington because itâ€™s just a slower pace of things while still having easy access, crystal city/pentagon city are less popular than Clarendon/courtroom but all good options to be close to DC.",1,2023,10
37,17ed6rg,g_g0987,"Try DuPont if you want to be close to work. DuPont has a lot of the bars/clubs too.  It will be on the higher end of your budget, but has what you are asking for.",1,2023,10
38,17ed6rg,mm10102,Woodley park and Cleveland park have one beds and studios in smaller buildings for $1700-2200 or so. Easy access to rock creek park and the tregaron conservatory. Itâ€™s a quiet area and is relatively safe.,1,2023,10
39,17ed6rg,Musictravels23,"Hey there!! I have a fuIIy furnished sunny spac BR ASAP can rent and check the areas b4 signing and perfect area caIIed W00DIEY Park!! Red Iine is 5 min waIk!! Park nearby, cafes , restaurants etc Message me!! thanks and my 0 d0esnt w0rk 0n Iapt0p s0rry!",1,2023,10
40,17ed6rg,Altruistic_Ad8317,"Noted, thank you! I'll be working in Downtown Washington.",2,2023,10
41,17ed6rg,Musictravels23,And I am near Dup0nt as weII!!,1,2023,10
42,11burox,samthehaggis,"You could probably find a studio or small one bedroom in one of the older buildings in Woodley Park/Cleveland Park/Glover Park/Cathedral Heights neighborhoods, but you'd have to walk around and take note of vacancies/phone numbers. I've noticed that a lot of the buildings don't really have strong online presences. 

Of course, it depends what you're looking for beyond price- do you want to be near a metro, or is that flexible? Do you need parking? What kind of amenities are must haves nearby?",3,2023,02
43,11burox,,[removed],2,2023,03
44,11burox,WhyWontThisWork,Go to H street. I know somebody with a lease ending this summer.,1,2023,02
45,11burox,VoodooGirl47,"What have you been using to look for places? Also remember that many studios might be similar to a small 1 bedroom with an alcove, sliding door, sunroom, or even a ""bedroom"" that can't be called that due to not having any windows in it. So search for studios and 1 bedrooms and scan for things listed as Jr 1 bedrooms, executive studios, studio + den, or studio with sunroom etc.",1,2023,02
46,11burox,Brave_Tangerine1240,"Hi there! This is a little bit above the budget range you listed, but it's a great building in a very nice / safe part of the city so I thought I'd share just in case you're interested:

https://www.reddit.com/r/DCforRent/comments/11gihyr/1br\_1ba\_apartment\_for\_rent\_in\_mount\_vernon/?utm\_source=share&utm\_medium=web2x&context=3",1,2023,03
47,11burox,caseadilla111,"Thank you so much! Iâ€™ve actually been contemplating using a realtor to help with this whole search. I feel like I keep going in circles ðŸ˜µâ€ðŸ’« this will be very helpful, thank you!",1,2023,03
48,11burox,caseadilla111,Would you mind sharing which apartment? I live in the NoMa area so I might check it out for myself. I know it can be hit or miss with these places,1,2023,02
49,11burox,caseadilla111,"I use apartmentlist.com typically, if I see an offer come up as an ad, or even by looking up a place I saw while walking through an area of DC.
About the studio/jr bedroom thing: YES! Whenever I find a place that offers that I get so excited but then they end up being $2100 or more. I live in a studio with a little bed nook/alcove and my rent is basically $2100. Iâ€™d rather pay this amount for an actual one bedroom but if I can find a jr bedroom/alcove for a better price and better neighborhood that would be great. At this point Iâ€™m just paying for the amenities ðŸ¤·ðŸ»â€â™€ï¸",1,2023,02
50,11burox,gum101,"i have a place we're trying to get it subleased so we can move out. it's a two bedroom apartment. total rent is 1974 water included. everything else is not. three of us live here, my gf and i and one other person. we're not sure if the third person is moving out or not for the remainder of the lease. it's in the noma area. idk if this would interest you or not. if you have roommates or not.",1,2023,02
51,11burox,VoodooGirl47,"Question for apartmentlist - how do you look up a place on there? I've only seen how they suggest places for you to love or say maybe to but I have always wanted to be able to bring up options that I know exist but aren't being shown to me.

As for location and buildings, you have to get away from the luxury type of buildings in NoMa/H Street/Navy Yard etc. Find the older buildings in the NW that the other person mentioned, because they will have bigger for the same cost or even less money. They will have rent control. They might have very basic amenities like a small gym but they have what is necessary like a laundry room and often a front desk concierge person and package receiving. Plus often a roof deck/lounge area. Many might include all utilities but most will at least include water, trash and you'd just cover electric/gas.",1,2023,02
52,11burox,Plastic_Trouble_1963,Are you still searching?,1,2023,03
53,11burox,caseadilla111,"Hmm, Iâ€™m not too sure really! Maybe you can narrow down your preferences on there so it will only show the apartments of a specific area (with the exception of their crazy suggestions) and then sort through that. But if you know the apartments by name I would just look them up on google and go to their site. Thatâ€™s really what I end up doing once I find a place I like.

Iâ€™ve been trying to steer clear of these luxury areas but somehow I always find my way back to them, so Iâ€™ll definitely start looking elsewhere like NW, thank you!!",1,2023,02
54,xciciq,,Look for condo rentals on places like Zillow or ColdwellBankerHomes.com. Thatâ€™s your best bet.,3,2022,09
55,xciciq,stormcloudbros,These guys usually have affordable apartments in or near Capitol Hill in your price range. https://yarmouthm.com/,2,2022,09
56,xciciq,kubricksgambit,"Thanks everyone for the great suggestions and feedback! Just got back from visiting and applying to a 1bd/1ba place in Clarendon that fits all the above criteria, though close to my $2k limit. It's close enough to DC and the area itself has the urban feel that I've been looking for. Definitely plenty of opportunities out there in the above price range - as others have mentioned, you just have to look hard enough. Thanks again!",2,2022,09
57,xciciq,lh717,$2000 is probably the absolute lowest you'll be able to go for a 1BR if you're lucky. Look at studios and check craigslist for non-corporate landlords,3,2022,09
58,xciciq,ephemeralarteries,"no idea why folks feel the need to comment, these aren't particularly hard to find. check hotpads and filter with your price and other parameters.",3,2022,09
59,xciciq,cheesyuser,"Thats a difficult ask. The 2000 range may be doable in some outskirts and once you get out into Fairfax County. If you want popular locations in DC for the higher end of your range look into *possibly* private english basements, decreasing your rent by grabbing a roommate(s) or giving up your car to increase your rent costs. 

To put it into perspective I think a traditional 500 sq foot 1 br/1 ba in central areas of DC/Arlington/Alexandria (also keep in mind yellow/blue lines are cut off from Alexandria for the forseeable future) go for about 2400/2500 and maybe a jr 1 br for 2200.

Edit: a studio may also be your friend in the areas you seek for the top end of your budget.",4,2022,09
60,xciciq,karmagirl314,Lol,1,2022,09
61,xciciq,Letsdrinksoda,Youâ€™re going to need roommates at that price.,1,2022,09
62,xciciq,CathyHooDat,"Check PadMapper app. Our son found a great 1 BR, 1 BA    w/ W/D in unit in a great neighborhood in Arlington. He has easy walk to Rosslyn or Courthouse Metro.",1,2022,09
63,xciciq,yasssssplease,"If youâ€™re looking to move into the district, Iâ€™d probably recommend looking on Capitol Hill using Zillow for that price range. I have a nice, non subterranean basement apartment on a main road on Capitol Hill for $1800 (like Iâ€™m the renter, not the owner). I think there are probably others out there.

Iâ€™m sure there are some other private units around DC, but it will involve some hunting.",1,2022,09
64,xciciq,Effective-Worth7302,This place is available in the SW Waterfront area -- https://www.homesnap.com/DC/Washington/1435-4th-Street-SW/property/400012008198,1,2022,10
65,xciciq,,[deleted],3,2022,09
66,xciciq,ephemeralarteries,exactly. they also feel the need to comment in every thread like clockwork. I get they're rare but like...,1,2022,09
67,13qokxh,myloversacarnivore,"Neighborhood safety is a separate concern from whether the building management is good. If management sucks, look elsewhere if you can.

Personally I love that area. I can't speak to the actual crime levels, but when I lived in that area, it felt safe. Follow all the standard recommendations for maintaining awareness in a city and you should be fine. If I could afford it, I'd live on Lanier Place in a heartbeat.",7,2023,05
68,v6dd5a,Embarrassed-Cap-6825,A lot of law students live at Mass Court or 77H. Also Meridian at Gallery Place. All are within 2-3 blocks from campus,4,2022,06
69,v6dd5a,Hopeful-Mango-4307,"425 Mass, Meridian at Mount Vernon Triangle, Lydian/Lyric, Station House, The Apollo",3,2022,06
70,v6dd5a,Competitive_Green_23,I have a house by there for rent minus 1 bathroom hmu,0,2022,06
71,v6dd5a,Rozi9,"If you happen to rent 3 bedroom, please consider me as the thrid one, if this suits you too: 

I am a professional woman who works full-time and studying at GW as well.  I'm searching for a place to live, whether it's a one-bedroom apartment, studio, or more than one-bedroom, with female tenants, in DC or neighboring areas  
From July/August until March 2023, both starting and ending dates are flexible.  
I'm a responsible, easygoing, and tidy person.  
Please get in touch with me as soon as possible if you know anything about this. Thank you in advance.",1,2022,06
72,v6dd5a,crystalsnow2796,"Thank you for your suggestions, unfortunately I checked out all of these but nothing is available during the first week of July and within my budget.",1,2022,06
73,v6dd5a,crystalsnow2796,"Thank you so much, based on availability and cost it seems like Station House should work out (fingers crossed). Would be very grateful if you could confirm whether it is in a good and safe area? Feel free to also share any other reviews on Station House.",1,2022,06
74,v6dd5a,crystalsnow2796,"Thanks for your response and offer, but we are keen on a 2bd and 2bathroom as of now. However, if this changes I shall definitely reach out.",2,2022,06
75,v6dd5a,Illustrious_View_356,Hi! Iâ€™m interested in your unit. May I please know more? Thank you.,1,2022,06
76,v6dd5a,crystalsnow2796,"Hi, thanks for your response. As of now, we are looking only at 2bd but if we decide to go for a 3bd I shall definitely reach out. All the best to you, hope youâ€™re able to find something good in the meantime.",1,2022,06
77,v6dd5a,Competitive_Green_23,Excellent best of luck to both of you,2,2022,06
78,v6dd5a,Competitive_Green_23,Sure! When would you be free for a virtual tour?,1,2022,06
79,10t2s0t,nhwaun1,Still looking!,0,2023,02
80,10t2s0t,Lilakoie,hiâ€”Iâ€™m about to message you!,1,2023,02
81,vg2hi9,PeterBeHangin,"I moved to DC back in March and wasnâ€™t very familiar with any of the neighborhoods. I chose H St NE (AKA the Atlas District, AKA Near Northeast) and so far love it. Thereâ€™s everything I need right on H. Capitol Hill is a fantastic area, especially for taking my pup on longer walks. Thereâ€™s a couple nearby dog parks. And most importantly itâ€™s a more affordable area in DC with no serious crime issues. (Thereâ€™s crime, but itâ€™s mostly theft and carjackings)",3,2022,06
82,vg2hi9,ApocTheLegend,"Rockville, Bethesda, and Shady Grove are probably the best neighborhoods on the red line route. Pretty much everything you could want is in Rockville or a short drive away. Little far of a commute but not terrible. Lots of nice bike paths and community events on the weekends. 

North VA out by reston is also a similar vibe but a bit more difficult to get around in, road layouts in north VA are terrible and can be annoying getting to places often + a lot more traffic than MD area.

These definitely lean toward car owners though, if you donâ€™t have a car itâ€™s better to live closer to dc for sure.",-1,2022,06
83,vg2hi9,milkandminnows,It might be helpful to explain what youâ€™re interested in. Different neighborhoods would be recommended if we knew whether your priorities are safety and affordability vs nightlife and walkability,1,2022,06
84,vg2hi9,jm-hs,No car on my end so I will be looking to live closer to DC! Thx for describing the greater DC areas though,2,2022,06
85,vg2hi9,jm-hs,">milkandminnows

I was probably vague just so that I could see what others brought to the table! I'm a big time walker so that is something I would love to keep in mind. I also would prefer a quiet-ish neighborhood compared to a busy one.. my logic is that I can always travel to nightlife if that's what I'm in the mood for",2,2022,06
86,vg2hi9,milkandminnows,"Van Ness might be nice for you. Quiet-ish and near a great park for walking. Also on the red line. Good luck, welcome to DC!",1,2022,06
87,jwtuba,awomanthewoman,idk if Bernstein (BMC) is considered midsized but my experience has been good with the management,5,2020,11
88,jwtuba,stormcloudbros,"Look at the Yarmouth management site if youâ€™re not set on a big building with amenities. (And who wants that anyway, especially during a pandemic!)

Edited to add... Iâ€™ve heard a lot of bad stories about the bigger buildings with management companies here. I lived in a Yarmouth apartment for 3 1/2 years and they were on top of their shit and didnâ€™t raise my rent the whole time.",3,2020,11
89,jwtuba,sdo2020,"Keener isnâ€™t bad. Properties run the gamut but theyâ€™ve got some basic, affordable and well maintained buildings. In my experience they never nickel and dimed and where competentâ€” which is far more than I can say about other companies.",3,2020,11
90,jwtuba,LLfooshe,"[http://scoutpropertiesdc.com/](http://scoutpropertiesdc.com/) they have rentals throughout DC.  I just viewed one the other week as my landlord is selling my place, company was good with answering phone call and agent who showed was great too.  They have some really good deals on efficiencies and one bedrooms as low as $1,200.",3,2020,11
91,jwtuba,BooRadleyCooper_,$1900 wonâ€™t get you too far for a one bedroom with amenities here.,2,2020,11
92,jwtuba,cyberf0x,southern management is not in DC but in the DMV and i highly recommend them,2,2020,11
93,jwtuba,bleucheeez,Look for the housing facebook groups. There are plenty of steals right now.,1,2020,11
94,jwtuba,EvenCauliflower7127,"Hey there,

I have lived in DC for several years and generally recommend Bloomingdale or Takoma Park (in Maryland) area for people who like a mix. For those who want to live more outside the city and have a car, Woodbridge, VA is a nice place. That being said, the real estate companies in DC can be ruthless and terrible to deal with, especially in times of crisis. I have friends who stay at ""luxury"" or very nice apartments yet they struggle to get maintenance in or noise problems resolved. They also get hidden fees. My recommendation is to rent from people, not companies. Currently, I am helping my landlord find a new tenant for this unit in Columbia Heights, which is in DC but quieter. I wouldn't walk around at night as I am a cautious risk averse women, but this neighborhood, and Petwoth, are super nice for being ""in"" the city. If you want a super swanky apartment and customer focused apartment building in DC, this place has a good reputation and has drastically reduced prices [https://www.wardermansion.com/](https://www.wardermansion.com/)

&#x200B;

Here is the unit posting if you're interested, $1600, 1 bedroom, roughly 1000sq ft, parking spot available and move in available Jan 1  [https://washingtondc.craigslist.org/doc/apa/d/washington-1600-one-bedroom-apartment/7234046096.html](https://washingtondc.craigslist.org/doc/apa/d/washington-1600-one-bedroom-apartment/7234046096.html)

&#x200B;

Best of luck and have a safe move in!",1,2020,11
95,jwtuba,MarieOnThree,Thanks!,1,2020,11
96,jwtuba,MarieOnThree,Thatâ€™s great! Iâ€™ve read a lot of reviews about the rent increases for the bigger companies. Itâ€™s crazy.,3,2020,11
97,jwtuba,MarieOnThree,"Thanks, Iâ€™ll check them out.",1,2020,11
98,jwtuba,MarieOnThree,"Iâ€™ve actually been finding some decent places with that budget. Granted, Iâ€™m not looking downtown or other super trendy areas and rents have decreased a bit since I first started looking.",4,2020,11
99,jwtuba,MarieOnThree,Thank you!,1,2020,11
100,jwtuba,T_Rapthesaurus_reckt,"Check out riverhouse in pentagon city. Good price, good location, really liked living there.",1,2020,11
101,jwtuba,stormcloudbros,"Yes, very limited rent control in DC and thatâ€™s the biggest horror story I hear from the bigger buildings - raised rent, and you have to renew for a full year. Even in this time, people have had to literally move to different buildings because they canâ€™t get the deals that theyâ€™re offering new tenants right now if theyâ€™re already there. Total bullshit. And in DC, once your year lease is up, you automatically go to month-to-month but these buildings force you to sign on for a year or two if you want to keep a decent rent. So the place that I mentioned with Yarmouth, not only did they not raise my rent, but they let me go month to month after my year was up.",3,2020,11
102,jwtuba,IfOnlyKmartWasHere,"The one thing to keep in mind is depending on the places, they hella discounted their rent because covid temporarily burst the rent bubble so be ready to move when that bubble returns which it will when jobs return, cause Cooper is not wrong. Generally Minimum DC 1 bedroom price pre-Covid was 1750 and that was pushing it.",1,2020,11
103,jwtuba,nitecheese,"I would not recommend them, at all. They served me with an eviction notice because they â€˜accidentallyâ€™ applied my on time monthly payments to the wrong unit for three months without catching it. They offered no warning or apologies and it took weeks to get them to clear it up. They also let the wild tenants run the place. Do not rent with them.",3,2020,11
104,jwtuba,MarieOnThree,"Iâ€™ve thought about that too, especially the places that are super discounted. I wouldnâ€™t center my overall budget on the current rate though, but Iâ€™d def take advantage of the lower rate for the time being.",2,2020,11
105,jwtuba,cyberf0x,"Oh man, I am so sorry to hear that... I have had a great experience so far, but I can totally see them doing this! Ultimately, all housing rental companies are evil. 

I was already not planning on extending my lease, but you sharing this experience has further solidified my decision.",2,2020,11
106,jwtuba,IfOnlyKmartWasHere,Depending on what exactly you were looking for out of DC i would highly recommend looking into Arlington. Better rent prices and still a hop-skip-and a jump to DC,1,2020,11
107,jwtuba,nitecheese,"I am glad youâ€™ve had a good experience though! I agree, at the end of the day all rental companies are a bit evil. For what itâ€™s worth, I did like my apartment unit, but the management just was so so poor.",1,2020,11
108,v88tgp,mazelltovcocktail,Definitely not takoma park. Not great streets and feels sketchy. Hyattsville is better imo,3,2022,06
109,v88tgp,Kimjongdoom,"Plenty of varied options in Hyattsville, definitely more walkable. I'd go there over Takoma Park.",2,2022,06
110,v88tgp,Ok_Priority_1534,Thanks. Any advice on Southern Maryland/DC housing is welcome and appreciated.,1,2022,06
111,v88tgp,mazelltovcocktail,I live in college park which is 15 min outside of DC. Iâ€™d say silver spring MD is the gold standard but obviously your price point might be different,2,2022,06
112,v7mf0p,EthanFl,"There's been a lot of development surrounding the metro station there over the last 10 years. But the neighborhood has been rough for over 40 years and still is. Now violence is increasing, Wawa just closed. 

Rents are too high overall.",8,2022,06
113,v7mf0p,bwood07,Crime. Iâ€™ve heard of tenants leaving mid-lease because the location and walkability doesnâ€™t make up for the weekly shootings.,6,2022,06
114,v7mf0p,BlackJediSword,Damn that wawa closed???,1,2022,06
115,v7mf0p,GeogUtah,"Whoa. 
Well that would explain it.",1,2022,06
116,v7mf0p,TossedRightOut,Yeah just randomly this Monday.,2,2022,06
117,qjhei0,Embarrassed-Cap-6825,"I mean this earnestly, up your budget and live in a high rise above the 8th floor. I used to live below the 5th floor, moved above 8 and street noise went away. Plenty of new buildings in Navy Yard, 5-10min to the Hill. New buildings donâ€™t transmit much noise between floors, a little between walls but tenants tend to trend differently after a certain price point and mgmt as well",6,2021,10
118,qjhei0,daxas1995,"Hey there!

I have some options that might be of interest to you. 

In locations that you mentioned, please let me know if you would like me to send over options your way :)",2,2021,10
119,qjhei0,Neither-Title9387,"Check this place out, top floor 1 bedroom in neighborhood adjacent to Shaw:
https://washingtondc.craigslist.org/doc/apa/d/washington-light-filled-top-floor-1br/7398874962.html",1,2021,10
120,qjhei0,grayvic,"Yes that's something we have been considering. We checked out a few high rises in Noma and Navy Yard, like Agora and Flats 130. Our problem isn't street noise as much as it's upstairs neighbors keeping us awake at night walking around or partying, which is why we're focusing more on affordable top story row houses before we set our sights on the high rises.",1,2021,10
121,qjhei0,grayvic,O my god yes! That would be awesome,1,2021,10
122,qjhei0,Embarrassed-Cap-6825,Couldnâ€™t hurt to ask mgmt and anyone you see what the building is like. Even say hi to your potential neighbors to see if theyâ€™re the party type. A lot of the navy yard buildings have party residents in the studios bc the amenities are so nice,3,2021,10
123,qjhei0,daxas1995,Great I'll send you a dm :),2,2021,10
124,vwxitg,SheKaep,check your dm,1,2022,07
125,r4e7ee,Afond29,"Check out Ditto properties. They rent out entire apartments within that price range. They are about to open a building at 8th/Constitution NE-> right on the hill. Few blocks from Stanton Park, half mile from Eastern Market, easy access to 2 bus lines",1,2021,12
126,r4e7ee,sararossi09,"If you are still looking, my husband and I just passed on a nice townhouse apartment off U Street that meets your criteria. Check Zillow/Trulia/etc â€” itâ€™s 2113 13th St. Itâ€™s 3-bedroom, includes an attached garage, and $4500/month.",1,2021,12
127,r9pb6p,,Is this still offered?,1,2022,02
128,nkyam4,exquisitecarrot,Is it safe to assume since the listing is deleted itâ€™s been filled?,1,2021,06
129,nkyam4,woodleypark,Actually no showing it tomorrow.  DM me your number Iâ€™ll text you.,1,2021,06
130,nkyam4,woodleypark,"Updated ad.  

https://washingtondc.craigslist.org/doc/apa/d/quiet-light-filled-studio-in-heart-of/7329948372.html",1,2021,06
131,plb64k,,"Your budget and where youâ€™re working is a good place to start. Living in the palisades on reservoir rd., across from the Germany embassy, and sandwiched in between two diplomats was probably the safest place that I ever lived in DC.",1,2021,09
132,mswrwz,sdo2020,Welcome to DC!,1,2021,04
133,mswrwz,claireprudhomme,Hello! Are you still looking for a roommate?,1,2021,04
134,mswrwz,kjacksi,Hello Oli! Are you still looking for a roommate? Feel free to DM me!,1,2021,04
135,as6hs1,bitchingwitch,"Honestly you can find places in Capitol Hill and Eastern Market that are in your price range (as I make a bit less and was co spidering it), if you donâ€™t want to live in one with fancy amenities. Most people Iâ€™ve met have hardly ever used them. Instead take a look on here, in DC for rent style FB groups, and places like Zillow. You should be able to find an English Breakfast basement in the area that might fit your budget!",5,2019,02
136,as6hs1,NotTheRug-Man,I haven't lived in any of these new apartment buildings but I'd look for a place with laundry in Eastern Market or around Lincoln Park.,4,2019,02
137,as6hs1,jabroni5000,"Not sure what your budget is, but you're most likely going to want to find an English Basement. Craigslist has always served me well in my apartment hunt. Lived in DC for a long time without a car, so that's definitely doable. Amenities seems to be a waste to me, but agreed laundry is very worth it if you can find it. Here are a few places that seem worth checking out: 

&#x200B;

[https://washingtondc.craigslist.org/doc/apa/d/washington-capitol-hill-english/6813956593.html](https://washingtondc.craigslist.org/doc/apa/d/washington-capitol-hill-english/6813956593.html)

&#x200B;

[https://washingtondc.craigslist.org/doc/apa/d/washington-capitol-hill-1-br-with/6822561704.html](https://washingtondc.craigslist.org/doc/apa/d/washington-capitol-hill-1-br-with/6822561704.html)",3,2019,02
138,as6hs1,zacheadams,"Nothing to add to other comments here on location but if you're going to walk to work and have good access to the Metro (and you totally should for both!), having a car can be a _burden_.",3,2019,02
139,as6hs1,iamconstant,How soon is ASAP.,1,2019,02
140,as6hs1,danabulba,"I like courthouse and Clarendon in VA. Very close, lots to do, much cheaper ",1,2019,02
141,as6hs1,gk21,"Yeah, I've been looking--and a lot of them have laundry in unit, which is honestly the amenity I want most. Is the neighborhood generally pretty safe as long as I'm West of the river? ",2,2019,02
142,as6hs1,gk21,oo thanks for these! I love the exposed brick!,1,2019,02
143,as6hs1,gk21,"Yeah, it's already an issue to figure out where to park while I get ready to sell it. 

Work has parking, so I was considering living a bit farther out (not too far--Arlington) and driving. I'm coming to look at apartments at the end of this week so I'll try and get a better feel for what's doable then.",1,2019,02
144,as6hs1,gk21,"Start date at work is the 7th, so trying to be in a place no later than the 4th. ",2,2019,02
145,as6hs1,bitchingwitch,"That Iâ€™m not the person to ask, because Iâ€™ve just lived here for a month or so, but Iâ€™ve met quite a few people who live in those areas without any problems. ",1,2019,02
146,as6hs1,zacheadams,">  considering living a bit farther out (not too far--Arlington)

Defeats many of the advantages of living in the city :(

> and driving [to work]

Oh god, the ultimate nightmare.",1,2019,02
147,as6hs1,gk21,"Ugh I know--but when I lived and worked in Boston I lived kind of on the edge of the city proper in a more suburban area and it was great. I could walk to the T to take the train downtown and then had my car for work/getting groceries/weekends elsewhere in New England. I was trying to figure out if Pentagon City would give me the same advantages. Maybe if I looked farther North in the District, but that seemed like a harder commute. ",2,2019,02
148,njhob4,Adorable-Tip-5933,[https://www.zillow.com/homedetails/2125-19th-St-N-APT-9-Arlington-VA-22201/2144396238\_zpid/](https://www.zillow.com/homedetails/2125-19th-St-N-APT-9-Arlington-VA-22201/2144396238_zpid/) oh and here is the link:),1,2021,05
149,izjyqb,islandgurl100,Had to comment just to be proud of seeing the Sardinian flag!,1,2020,09
150,izjyqb,rektide,Beautiful spot.,1,2020,09
151,izjyqb,hootie_patootie,Is this a sublet? How much time is left on the lease?,1,2020,09
152,izjyqb,dctexpat,It would be a new lease starting in November :),1,2020,09
153,jy1lcx,WhyWontThisWork,Is it 1000 each?,1,2020,11
154,jy1lcx,,Yea $1000 a month to share a bedroom is weird and overpriced even for DC.,2,2020,11
155,faenl1,woopsmadeyoulurk,"Let me know if this might work. It is very near Children's National.
https://www.zillow.com/homedetails/1209-Gallatin-St-NW-UNIT-2-Washington-DC-20011/2080166970_zpid/?view=public",1,2020,04
156,faenl1,aptek,Hey this is really cool thank you! Unfortunately due to the state of the world my wifeâ€™s clinical placement was cancelled. Iâ€™ll keep this in mind when things cool off.,1,2020,04
157,8u1vhu,whatchyamaca11it,"Good luck man. Even for just a small room in someoneâ€™s basement apartment you are going to have trouble finding something for $1000 in those areas. 

I would suggest adjusting your expectations and looking further from the close-in areas of DC or upping what youâ€™re willing to pay if you can afford it. ",3,2018,06
158,8u1vhu,whatchyamaca11it,"No problem, hate to be a downer. I wouldnâ€™t give up on looking for that rent, but it is very unlikely youâ€™ll find something in those areas at $1000. $1200 is possible if you are okay with doing a 3br/1ba and sharing the bathroom. 

The fact you are only looking for 6 months and want something that starts next week will also make it much more difficult although Iâ€™m sure youâ€™re already aware of that. 

I would suggest looking at Columbia Heights or Petworth for better deals. 

Iâ€™d also suggest looking on Craigslist. I know it can be sketchy but you can get lucky. My current place I have I consider a great deal and my friend found it by contacting a Craigslist post that had no pictures and very little info. I was not sure about it at first but we went to see it and the landlord is great and the place ended up being pretty nice. 

Good luck and welcome to DC!",2,2018,06
159,8u1vhu,kind_5oul,Hola yo soy Colombiana tambiÃ©n :)  [https://washingtondc.craigslist.org/doc/roo/d/bright-cozy-br-large-closet/6628795066.html](https://washingtondc.craigslist.org/doc/roo/d/bright-cozy-br-large-closet/6628795066.html),1,2018,07
160,8u1vhu,Jund_em_in,"Hi, thanks for the reply. 

Darn, i didnÂ´t know I was lowballing. What would you consider a more realistic budget for a room in the area?

Have you got any suggestions around the $1000-1200 that isnt too far from/ or has easy access to Foggybottom?

Thanks in advance.",1,2018,06
161,8u1vhu,Jund_em_in,"This is all very helpful. Thanks for taking the time to explain everything, and for the advice!",2,2018,06
162,8u1vhu,10tonheadofwetsand,You might find a $1000 room close to the OL in the area around Ballston or further west. Would be a 15-30 min metro ride with no transfers to Foggy Bottom  depending on where you end up. ,1,2018,07
163,33haoz,ieatglass,Look in alexandria. Like bell delray or station 650. ,1,2015,04
164,33haoz,mpkd7,Just PM'd you about a condo available,1,2015,04
165,33haoz,the_big_smoke,"Try Chatel Real Estate, we live in Dupont in a decent 1-br for $1,550",1,2015,04
166,33haoz,,Hello. Would you be open to a studio in Dupont for $1650 all utilities included?,1,2015,04
167,33haoz,noorinc,our 2 bedroom 2 bath condo is available in July. rent is negotiable depending on lease length. in unit washer/dryer and dishwasher. safe area! 1 mile to van dorn. includes 2 parking spots http://washingtondc.craigslist.org/nva/apa/4978667142.html,0,2015,04
168,33haoz,Greyshot26,"Both are on our list, they're feasible but on the upper-end of what we'd like to pay. Thank you though! ",1,2015,04
169,33haoz,Greyshot26,Is that before utilities? What about parking? Thank you so much!,1,2015,04
170,33haoz,Greyshot26,"Hello! Thanks for the comment, probably but I have just a few questions: Does utilities include cable/internet? What's parking like? Could I see some pictures as well. Feel free to PM me anything you'd like. Thanks again!",1,2015,04
171,33haoz,ieatglass,I wamt to say at least bell del ray is doing a one month free special so youd get a prorated amount. ,2,2015,04
172,33haoz,the_big_smoke,"No parking, only water included.",1,2015,04
173,33haoz,,PM'd,1,2015,04
174,33haoz,Greyshot26,"You are correct! I think they both are doing a one month free special, but we definitely wanted to aggregate more offers before deciding one way or another. Thank you again so much, I really appreciate any help I/we can get.",1,2015,04
175,33haoz,Greyshot26,How much does your total cost end up being per month?,1,2015,04
176,c1af88,HippiesBeGoneInc,"Hi -

I have a place available in Pentagon City. Very safe walkable neighborhood in Arlington with everything you can need within about 3 blocks. Blue line goes straight to GW. Monthly budget would come to a little under $1400 however.

https://www.reddit.com/r/DCforRent/comments/c48z4z/1245_1br_w_priv_bth_next_to_pentgon_city_metro_yb/ervewn9/?context=3",1,2019,06
177,952lsh,stb1150,"I've lived in Bethesda and Silver Spring and work downtown. If you really want to be in a going out/easy access type area Dupont is your best bet for that price. If you live outside DC be prepared for people making fun of how far away you live, although tbh it's not that bad. Silver spring is more family oriented than DC but a ton of stuff around. Bethesda is super wealthy and family oriented, I joke that I live with all the boughie soccer moms. My boyfriend and I are looking for another person/couple to live with in silver spring if you're moving in late September, if you're interested.",3,2018,08
178,952lsh,muieenLNF,"Just letting you know that I am a Real estate agent who does quite a fe rentals. 

Out of the three neighborhoods you specified, Silver spring is going to be where you find the cheapest places to rent. It is not close to Downtown DC though.

If you are open to the idea of living in a studio then you will have quite a few options in NW DC. If you are looking for a one bedroom then things will be pretty close to your max budget or you will be living in a basement.  Generally, the closer you get to downtown the less space you are getting per $ spent on rent.

Van Ness and Cleveland park could also be an option if you are thinking about Bethesda as it is closer to Downtown. ",2,2018,08
179,952lsh,,"There is a perfect place for a couple in tenleytown DC! 3 blocks walking from the metro (red line), great neighborhood. 1 bedroom plus den. With all the utilities itâ€™s $2100 including WiFi and one parking space. PM me for photos! It opens in September late August! ",0,2018,08
180,4rkj6q,NikiDC,Hi! I'm interested :),1,2016,07
181,4rkj6q,Vio_,What do you mean by adult cat? Like over 1 year old?,1,2016,07
182,4rkj6q,whiskeytangofoxtrot5,"Howdy, interested as well!",1,2016,07
183,4rkj6q,halleburrr,Hello! I am interested!,1,2016,08
184,4rkj6q,pixiekit,Replied! ,1,2016,07
185,4rkj6q,pixiekit,"As per my roomie about that age - she's down to try and introduce them, but kitty apparently had really bad experiences with my roommate's mother's adult cats. ",1,2016,07
186,4rkj6q,pixiekit,Messaged!,1,2016,07
187,5ie9od,,[deleted],5,2016,12
188,5ie9od,Zkdog,"I'm interested in your apt.  Moving up from FL no later than Feb 1, probably earlier.  Can you shoot me some deets?",1,2016,12
189,5ie9od,freno1996,"Unfortunately I can't give a set price - that'll ultimately be up to the property manager (who I'm more than happy to put you in contact with if you think the place is right for you). To give a range, I'd say $1400-1700 with the higher range applying to shorter-term leases.",0,2016,12
190,5ie9od,freno1996,Sure! What are you looking to find out? Also just a heads up: I really need to find someone to move in at the end of December/early January,1,2016,12
191,5ie9od,Zkdog,"Earliest I could move would be mid January, no later than Feb 1.  If you want to offer it to someone else, I've got no problem with that. 

Was looking for some pictures/location etc.",3,2016,12
192,5ie9od,freno1996,"Hey! I don't have any pictures available atm, but the apt complex's website (parkcrestdc.com) has floor plans you can view. You can also view the apt's exact location there. Ideally I'd like someone to move in at the start of the month, but I'm willing to negotiate if you are seriously considering the place.",1,2016,12
193,8h62li,pokeurface,How come you donâ€™t post the most important thing - price!?,4,2018,05
194,4x8h7d,Phobix_1,/u/drsuze =),1,2016,08
195,4x8h7d,TheSebadoh,Are you looking for a long term lease?,1,2016,08
196,4x8h7d,Phobix_1,"No, not necessarily. 6 months would probably be the minimum and I would want 60 days notice so that we can find someone to take the room and not lose out on rent.",1,2016,08
197,4x8h7d,TheSebadoh,Ok cool thank you,1,2016,08
198,32kj93,Rushh25,"Seems like you'll want a four bedroom row house.  IMO the below neighborhoods/areas are possibilities for you, listed loosely from most to least likely based on price:

-Navy Yard (may be short on four bedroom inventory)
-Waterfront (may be short on four bedroom inventory)
-Eastern Market
-Union Station
-LeDroit Park
-H Street NE / Atlas District
-Columbia Heights (pushing your bicycle commute out further, 3-4 miles)
-Shaw

See this map for decent coverage of bike lanes which will make that cycling commute much more tolerable:

http://washcycle.typepad.com/bikemap/

Like I said, a pretty loose list.  If you search for those hoods on Craigslist and four bedrooms you should at least dig up some options.",1,2015,04
199,32kj93,saquin10,http://www.apartments.com/waterside-towers-washington-dc/y9zxkws/,1,2015,06
200,32kj93,zerowingangel,Thanks for the response! So scouring craigslist is our best bet?,1,2015,04
201,32kj93,Rushh25,"IMO, yes.  I have found rentals on the MLS before, which is great if you want to cut out some competition since many people don't check there.  The downside to that is prices tend to be at a premium.  Craigslist is the best bet but beware of scams and if you want a true deal you'll have to invest a good amount of time as competition for competitively priced properties is fierce.",1,2015,04
202,32kj93,zerowingangel,What are some good indications that a craigslist posting is a scam?,1,2015,04
203,32kj93,Rushh25,"Just be smart about it - a scam is only successful if it parts you with your money or personal information.  If someone replies to your inquiry saying they have an odd circumstance, such as they're overseas and need a check up front or need you to fill out a background check form requiring sensitive information before you see the property, chances are it's a scam.  Incredibly low priced units tend to be scams - there are deals out there, but deals are also within the realm of believable.  The best hurdle to cross to weed out scams is to see the unit in person before you hand over any sensitive information or money.",1,2015,04
204,4dyml5,RedRocks4040,Hello! Is this just for the summer?? ,1,2016,04
205,4dyml5,,"The CL ad is expired, is this room still available? ",1,2016,04
206,4dyml5,tenleytownrental,"It's from May to Sept, with an option to renew. ",1,2016,04
207,4dyml5,tenleytownrental,"Yes it is, putting it back up tonight. ",1,2016,04
208,6jflo8,rahtrip,Messaged!,1,2017,06
209,5duz09,BosqueBravo,"You might need to reevaluate your budget, I moved here from Texas and I know the sticker shock can be real.

If you are thinking about living in DC itself, I doubt you will find a 2/1.5+ for anything under 2.1K, at least anywhere close to the area you are saying your job is at.  2.5K would probably be a better bet.  Southern Bethesda is going to be about the same.

You said you want parking.  If you are willing to commute by car, you might be able to make that budget work.  You are probably going to need to live outside the beltway north in Maryland.  I just did a search, and it seems like this place might be in your budget:

The Monterey Apartments
5901 Montrose Rd, North Bethesda, MD 20852

They seems to have two bedroom units for $1700.  I don't know the area personally, so you'd have to ask someone else about safety.  You might even be able to make the red line work there.

Oh, and a word of warning:  summer is typically the ""hot"" season (yes, I see the pun).  So there is a good chance most places will be charging more.  You might want to look into trying to lock in a place in April or May if you can.

Good luck!",1,2016,11
210,5duz09,df1217,"Thanks for the advice! I have had a couple other people PM me similar concerns of reevaluating my budget. This would definitely be doable. 

I'll have to look into the Monterey Apartments further, from my quick research it definitely looks like a place of interest. Thanks!",1,2016,11
211,69agov,EllJayEss,"Check Facebook for DC housing groups, or potentially Craigslist. DC summer housing is a mad dash and many people snatch things up extremely quickly so I'd start doing some serious looking ASAP.

I'm not 100% sure where exactly you're working, but it's unlikely you'll get all three of the things you're looking for this late in the game. If you're in SW, I'd suggest looking at Virginia (potentially Crystal City or Alexandria) if you want somewhere slightly cheaper.",2,2017,05
212,2szi7s,myloversacarnivore,"Finding an apartment is usually an issue that time of year around DC, but because you're looking for a 1 br and not a room for rent in a group house, you might luck out and not have so many interns to compete with.

[My building](http://www.borgermanagement.com/majestic-apartment-living-washington-dc) let me sign a lease two months ahead of time and should be in your price range. You're spot on with the neighborhood choice; Columbia Heights is decently safe, very convenient (buses + metro are all close by), and has lots of fun things/places to do/see.

Good luck!",3,2015,01
213,2szi7s,seaboat90,"DC Realtor here from Houston and a longhorn, hope you guys had a wonderful time back in Austin!

We live in a high activity market and the vast majority of homes out there are vacant ready to be moved into. There's a sweet spot and in my experience, it's about 3-4 weeks out. That would be the best time to start looking.

PM me if you'd like current listings or help navigating the market, I'd be more than happy to help!",2,2015,01
214,2szi7s,cheiberg_,"I'd highly recommend looking into english basements if Columbia Heights is the area you're interested in- so many seem to available to rent, they're spacious than typical apartments, and they're very well insulated. Adams Morgan is also very close neighborhood with all the perks of Columbia Heights and more things to do! 
I'd agree with starting 8 weeks prior to your ideal moving date. ",1,2015,01
215,2szi7s,SReeC,"Most likely you won't find much this far out, most likely 8 to 6 weeks ahead of time would be when you will start finding sublets and apartments available. Looking at apartment complexes you can sign a few months ahead of time. Definitely suggest looking at least a month before you plan on moving, usually in the summer there is a lot of people moving in and out of the city so you want time to negotiate and try and catch the good deals (a lot of places will do 1st month free if they have a lot of vacancies). ",1,2015,01
216,4msa0g,rkkemp8,Hi! I have a cat too and am looking for someone to room with in a similar area. 24 yo female. If you're interested let me know ,1,2016,06
217,4msa0g,NeverGetaSpaceship,Hey my posting is on craiglist but I'm not a scammer I promise! Check it out [the listing here](http://washingtondc.craigslist.org/doc/apa/5637102144.html).,1,2016,06
218,4jjgki,,[deleted],2,2016,05
219,4jjgki,Lasaunders1,http://washingtondc.craigslist.org/mld/sub/5706238402.html,1,2016,07
220,4jjgki,C62442,"Sounds good, just let me know!",2,2016,05
221,4hso9h,SomeTomFoolery,can you PM me the address?,1,2016,05
222,4hso9h,pencilwisdom,I'd be interested in learning more about the place. Would you PM me the details? ,1,2016,05
223,5alrbj,cacot,"Hi I'm interested, the CL posting seems to be expired though.  Is it a problem if I won't be able to move in until Feb.  ?",1,2016,11
224,1hbebg,,"Hey.  I live in NoMa within walking distance to the red line.  I take the red line to Metro Center and transfer to the blue line to get to Foggy Bottom every morning.  Commute is like 20 minutes, easy peasy.  I love living so close to H Street, a bus away from U Street, and still being able to commute easily to Foggy Bottom.  So check out NoMa!",2,2013,06
225,1hbebg,,"You can live in the York or Potomoc Place in a studio for well within your budget--utilities included, cats welcomed.",1,2013,07
226,1hbebg,,It's cheap as hell around here.,2,2013,06
227,1hbebg,VoxyPop,Hmm. I looked at them last year and I remember it being out of my budget. I'll look again. ,1,2013,07
228,1hbebg,VoxyPop,"Wait, really? I went to a house party in NoMa recently and it seems that it's getting pretty expensive there, based on what people who lived in the area where telling me. Are there areas in particular in NoMa that are still affordable? Thanks!",1,2013,06
229,1hbebg,,"More specifically, within a 10 minute walking radius of the NoMa metro.",1,2013,07
230,4b67xq,,"See my postâ€”looking for roommates for a row house with metro access, maybe in Arlington or Alexandria 

http://www.reddit.com/r/DCforRent/comments/4btapj/young_professional_seeking_roommates_in_dc/",1,2016,03
231,4b67xq,SubletInNoma,"It's just slightly over your budget, but I currently have a red line convenient room up for grabs in June. Check out the CL posting here - http://washingtondc.craigslist.org/doc/roo/5537225259.html

No worries if it isn't a good fit - not sure based on your post if you are F/M, but my roommate is hoping for another F to move in. Either way, best of luck on your search!",1,2016,04
232,3yorei,ieatglass,"Tbh youre gonna be hard pressed to find something in the burbs thats still metro accessible for that much. 

That being said I'd look at springfield va and greenbelt. Rockville maybe",3,2015,12
233,3yorei,olivegardenbreadstix,Hi! I've got friends who live in Hyattsville/Edmunston with their two kids. It's a cute family friendly neighborhood and a 15 min bike ride to the PG metro. I believe they pay about 1600 but they've got a 2 story place with a huge backyard and basement ,3,2015,12
234,4md7uw,homonegans,try Wexford property management. We currently rent with them and we have a pitbull,2,2016,06
235,4hjx1q,HippiesBeGoneInc,"Hi! I live right next to the Pentagon City Metro and am looking for a new roommate. Can move in any time after May 21st. Amazing area with lots of shopping, eating, and even a large park w/ every facility you could need.

Please checkout my Craiglist ad here:
http://washingtondc.craigslist.org/nva/roo/5561000825.html

**Please e-mail, text, or call**",1,2016,05
236,1ieety,meelar,"The answer to ""how to afford the rent"" is generally to economize in other areas.  There are plenty of people that don't own cars in DC (it's totally unnecessary unless your work is far away and not Metro-accessible), so the money they're currently spending on car payments and insurance can go to rent instead.  Jobs do tend to pay more here as well.  The other solution to expensive housing is roommates.  If you share a group house, your rent is much cheaper than somebody who lives alone in a studio or one-bedroom.  If your max is $700, you will probably have to get a room in a shared house--that is very low for a studio almost anywhere in the city.  It could happen, but don't completely count on it.

As for crime, it does happen, but ultimately I wouldn't let it dissuade me from moving here.  Don't leave anything valuable--or honestly anything at all--in your car if you're parking it on the street.  Be aware when you're walking around.  Generally, these two tips are enough to keep you out of trouble.

Can't really help with the rest of your questions.  Good luck with the move!",2,2013,07
237,1ieety,,"> Why is it that there are so many people who will only accept gay (or specifically, black gay) room mates? I've come across so many ads specifically limiting housing to non-straight males. I've never seen that before.


I personally haven't seen any ads that specify gay males only (and I'm a gay male myself) but I have assume that people don't want to deal with the whole coming out process again when new roommates move in (and trust me, we do this all our lives and it does get frustrating).  I'm curious on where you are finding these ads.



> Along with that, I don't smoke but I've seen countless ads requesting Non-Smokers only. Is smoking indoors a huge problem in D.C.? It seems strange to me that folks would be so explicit about something like that. Where I'm from, people tend to keep their bad habits outdoors where it won't bother anybody.


Unfortunatley, living in a large of a city as DC introduces all kinds of people including ones that don't have respect to take their smoking habits outside.  There are people who do smoke inside who either A.) don't realize that their indoor daily smoking habits causes damages to the walls and paint of a home or B.) don't care because it is not their property.  Repairing the smoke damage is expensive as hell.



>  Rent prices. I am honestly curious how people can afford $1200/mo rent for apartments in ""transition"" neighborhoods. I'm looking to settle into a $700/mo shoebox in Petworth because that is the absolute max i can afford but are jobs just so lucrative in our nations capital that +$1000 is nothing? 


Unfortunately, living in a high demand city such as DC drives the rent markets up to at least a $1000+ in rent in the more desired are parts of DC.  Now you can play the financial game a bit and find something that does meet your standards but you have to sacrifice a bit.  For example, I have seen places around the surround areas (Arlington, Alexandria) where one can rent a studio apartment for $1250-$1400 a month and it includes utilties (minus phone/internet) and parking.  If you think about it, utilties can run up to $150-200 and parking an additional $100-150.  So rent can effectively run between $900 (best case) to $1150 (worst case).  For a place of 400 sq-ft to call your own for that price in DC is not too shabby.  On top of that, if you find something that is near a metro, then your commute costs are introduced to the overall living costs.  Again balance.


The rule of thumb for DC when finding a place to rent on your own is this:  convenience, price, safety -- pick two out of the three.  If you sacrifice safety, pick something that is SE or NE of DC where crime is a problem.  If you sacrifice price, then look into something in downtown DC where it is insanely expensive.  If you sacrifice covenience, then look at something at the outerskirts of the DMV area where your commute is a minimum 1+ hours.  If you find something that fits all three (and they exist), then you found a golden goose.


>  Crime. The crime maps suggest that having your car broken into and being mugged are not uncommon. Why is this? What can you do (aside from don't attract attention to yourself) to avoid being a victim? I'm genuinely curious.


You be very surprised of how much people leave their shit in their car in plain view.  On top of that, NW DC is relatively rich compared to NE or SE of DC so items being stolen have a tendency of being more expensive.  One of the easiest ways to avoid this situation is not leave your ipod or kindle in plain view.  Even if you take precautions, there is an off chance that someone will just go on a crime spree and break in a row of cars down a street.  That's the price of living in a city as large as DC.



> Where do all the house shows happen? I haven't found many basements in my search. Are basement shows a thing in D.C.?


Typically on weekends.  Awesome hard-to-find rentals are snatched up very quickly so if you don't have a preplan when you a rental search then you will be at a disadvantage of finding a place that is worth your time and money.  FYI, if you are looking at basement rentals, please get renter's insurance that includes flooding.  I heard that some DC rentals are notorious for having their basements flooded and it screws the tenant who lives there if they don't have the right kind of insurance.",2,2013,07
238,1ieety,am2o,"1) Gay/Black/whatever: Have not seen it, but there are some people who just don't want to have to deal with judgement & assume if room-mates are ""like me"" then any friends brought home won't judge.
  
2) Smokers: Smoking stinks the place up & is expensive to get rid of. (All walls and ceilings have to be sanded (All surfaces really) and painted.) This is expensive. It's hard to find people who will do basic prep, nevermind sanding the tar off all surfaces before painting.  
  
3) Prices: DC is one of the more expensive places to live. It's estimated that it takes the ""average"" person 80 hours to afford to live in dc. There is Washington (The rich white folk), and the rest of DC (Everybody else). At $700, you are probably looking at a room in a group house, or a tiny basement apartment.  
  
4) Crime: HAHAHAHAHAHAHAHA.",1,2013,07
239,1ieety,ThefArtHistorian,"Thanks for all the info! On the last point about house shows it looks like I wasn't clear: I was talking about bands playing indoors. What neighborhoods will have house ""concerts"" (we call them shows here in TN)",1,2013,07
240,1ieety,,"Ha, that makes much more sense now!  ",2,2013,07
241,1uiajo,waitstaph,"I could do long term but can't afford more than a thousand a month, so if there was someone else to split the rent and space with I would move in in a heartbeat. I'm in dc now but looking to make a permanent move to northern va as soon as I can find a place.",1,2014,01
242,1uiajo,LaLaNewAccount,"Sadly I don't know anyone who is solo. 

maybe if you found someone who would pay the 700 for the smaller room and basement access? The house is furnished mostly. The second room just has a futon. The master has everything under the sun. living room as well. Ill be leaving all my pots and pans/dining stuff etc. 

I plan to leave end of jan. 

the neighbors are my best friends and don't care about noise or anything.",1,2014,01
243,1uiajo,waitstaph,"I will see what I can do. If you have anyone else solo ask let me know, I would gladly split the rent and everything in the place.",1,2014,01
244,3cgi4y,Soodonim,Have you guys found someone yet?  If not I'm interested.,1,2015,07
245,32l4da,brodies,"Hey, you actually have a reasonable budget and reasonable expectations! Are you the [national animal of Scotland](http://upload.wikimedia.org/wikipedia/en/thumb/f/fc/Licorne_Edimbourg_Scotland.JPG/1024px-Licorne_Edimbourg_Scotland.JPG)?

Seriously, though, you'll do well to use the [map search function on Craigslist](http://washingtondc.craigslist.org/search/apa?minAsk=&maxAsk=1500&minSqft=&maxSqft=&query=). Anywhere within a half mile or so of a Metro in Arlington should be (and even feel) safe. Likewise, in DC, most of the more established neighborhoods around the Metros (though perhaps less so on the East side of the Anacostia river) should also be plenty safe. Arlington has kind of a yuppie feel, whereas DC varies by neighborhood. There's usually a lot more going on in DC.

Depending on your commute to work, I'd suggest looking around the Columbia Heights, U Street, or Shaw Metros (green/yellow lines) or Woodley Park or Dupont Circle (red line). Capitol Hill (Capitol South through Stadium Armory) is also nice, but it's mostly townhouses. Most studios/1 bedrooms here are in basements (you could do closer to H Street NE, which is a great neighborhood, but you'd be more reliant on buses to get to the Metro). 

Also, you'll likely see a lot of listings for Crystal City in Arlington. It's very safe, so don't be scared of it, but it's also an exceptionally boring neighborhood that gets nearly dead at night. Most things happening there are the primary landlord's (Vornado) attempts to make it seem hip. I haven't seen any recent stats, but, when I moved to DC, Crystal City had something like 70,000 people working there and only 6,000 living there, and it feels like it every day when I get out of the office late.",5,2015,04
246,1chwv9,meelar,"That particular stretch is kind of dicey (I live at 4th and O SW, and the three blocks makes a big difference).  I would recommend coming down there at night and checking it out before signing a contract--it's a higher-crime area than the stuff immediately around it.  That said, the area is changing rapidly--they just opened a new building at O and South Capitol, so that may impact the feel of the area.",2,2013,04
247,1chwv9,iswearitsreallyme,"I live in SW (4th and M) and agree with what meelar posted. I love the neighborhood and feel pretty safe walking around, but I wouldn't stumble home drunk from the bar or anything like that. There is a lot of low-income housing in the blocks around 1st and O (that can freak out some people), but people in the neighborhood are generally friendly. I've been proactive about saying hello when walking/running/biking nearby and have never had any trouble.",1,2013,04
248,1chwv9,,"That neighborhood is historically where DC put the ""alley dwellers"" who used to, as you may have guessed, lived in DC's alleyways.  While there are a lot of business' moving down there, the place is lacking a real night life which is often what keeps people safe after dark in sketchy neighborhoods.  Anyways, if you're male, above 6', and don't dress preppy you should be OK.  Link below on the alley dwellers, many of which still live in the neighborhood (The neighborhood mostly consists of subsidized housing.) http://www.brynmawr.edu/cities/archx/05-600/proj/p2/ew/alleyDwell.html",0,2013,04
249,277mku,,Hi! I (25M) am a GMU student studying Accounting. I would love to see the place!,2,2014,06
250,1kaapb,Sweddy,"Are you still looking? I'm in a bit of a tight spot, need to move out of my current place by the 1st. I currently live in Baltimore and commute to my job at the CFTC in D.C. I'm 22/M. Send me a PM if you're still looking.

Thanks!",1,2013,08
251,zgiqa,sololololo,"Hey, my very close friend and a couple of his mates are renting a place in Columbia Heights- it's a really sweet house in a pretty awesome up and coming neighborhood. Check it out! http://washingtondc.craigslist.org/doc/roo/3307758881.html",1,2012,10
