RegionName,State,City,EndMonth,MedianHomeValue
Columbia Heights,DC,Washington,2019-01-31,599525.9392670792
Capitol Hill,DC,Washington,2019-01-31,819029.5454
Petworth,DC,Washington,2019-01-31,593648.7935787482
Adams Morgan,DC,Washington,2019-01-31,548296.6293997538
Shaw,DC,Washington,2019-01-31,757805.2907345416
Navy Yard,DC,Washington,2019-01-31,808163.2500276361
Anacostia,DC,Washington,2019-01-31,328340.5816907943
Columbia Heights,DC,Washington,2019-02-28,599770.9515
Capitol Hill,DC,Washington,2019-02-28,821671.3273303973
Petworth,DC,Washington,2019-02-28,593875.5772460393
Adams Morgan,DC,Washington,2019-02-28,547969.1836
Shaw,DC,Washington,2019-02-28,756654.6230793392
Navy Yard,DC,Washington,2019-02-28,793219.6771505773
Anacostia,DC,Washington,2019-02-28,330230.30579971476
Columbia Heights,DC,Washington,2019-03-31,601623.4125554034
Capitol Hill,DC,Washington,2019-03-31,826664.4552861525
Petworth,DC,Washington,2019-03-31,597656.0330509576
Adams Morgan,DC,Washington,2019-03-31,547475.6796389351
Shaw,DC,Washington,2019-03-31,757762.9742289981
Navy Yard,DC,Washington,2019-03-31,779707.7422307562
Anacostia,DC,Washington,2019-03-31,332862.3906
Columbia Heights,DC,Washington,2019-04-30,603960.8483143008
Capitol Hill,DC,Washington,2019-04-30,830711.3462679136
Petworth,DC,Washington,2019-04-30,602309.5494569098
Adams Morgan,DC,Washington,2019-04-30,547781.6101778046
Shaw,DC,Washington,2019-04-30,760415.5168
Navy Yard,DC,Washington,2019-04-30,771826.4115281189
Anacostia,DC,Washington,2019-04-30,336980.5729896285
Columbia Heights,DC,Washington,2019-05-31,605562.1344892954
Capitol Hill,DC,Washington,2019-05-31,832827.9514500251
Petworth,DC,Washington,2019-05-31,605432.6454776556
Adams Morgan,DC,Washington,2019-05-31,548881.5255607138
Shaw,DC,Washington,2019-05-31,762531.2478271398
Navy Yard,DC,Washington,2019-05-31,770045.9570583086
Anacostia,DC,Washington,2019-05-31,339914.69967023615
Columbia Heights,DC,Washington,2019-06-30,605157.2929791491
Capitol Hill,DC,Washington,2019-06-30,832291.9530796079
Petworth,DC,Washington,2019-06-30,606424.6083312263
Adams Morgan,DC,Washington,2019-06-30,549829.1938876272
Shaw,DC,Washington,2019-06-30,761762.1311205224
Navy Yard,DC,Washington,2019-06-30,767325.2126840027
Anacostia,DC,Washington,2019-06-30,340861.1436272664
Columbia Heights,DC,Washington,2019-07-31,603946.0744400722
Capitol Hill,DC,Washington,2019-07-31,831195.5217592133
Petworth,DC,Washington,2019-07-31,606869.2035
Adams Morgan,DC,Washington,2019-07-31,550565.7424246628
Shaw,DC,Washington,2019-07-31,760126.7805154758
Navy Yard,DC,Washington,2019-07-31,767559.7916238193
Anacostia,DC,Washington,2019-07-31,341253.30760557106
Columbia Heights,DC,Washington,2019-08-31,602838.7378263294
Capitol Hill,DC,Washington,2019-08-31,830874.0915898377
Petworth,DC,Washington,2019-08-31,607729.4879237694
Adams Morgan,DC,Washington,2019-08-31,550699.3919049663
Shaw,DC,Washington,2019-08-31,758629.5987820778
Navy Yard,DC,Washington,2019-08-31,767544.9408246732
Anacostia,DC,Washington,2019-08-31,341892.53111331555
Columbia Heights,DC,Washington,2019-09-30,602020.5892047257
Capitol Hill,DC,Washington,2019-09-30,830638.3188995174
Petworth,DC,Washington,2019-09-30,609106.2563
Adams Morgan,DC,Washington,2019-09-30,550072.0752
Shaw,DC,Washington,2019-09-30,757440.8193512416
Navy Yard,DC,Washington,2019-09-30,766939.5200992236
Anacostia,DC,Washington,2019-09-30,343423.6564028745
Columbia Heights,DC,Washington,2019-10-31,602212.8545
Capitol Hill,DC,Washington,2019-10-31,830928.9327868186
Petworth,DC,Washington,2019-10-31,610447.1536223232
Adams Morgan,DC,Washington,2019-10-31,549368.0298598633
Shaw,DC,Washington,2019-10-31,756384.9461364312
Navy Yard,DC,Washington,2019-10-31,765782.3236728329
Anacostia,DC,Washington,2019-10-31,345274.61367937224
Columbia Heights,DC,Washington,2019-11-30,602856.6934909425
Capitol Hill,DC,Washington,2019-11-30,831961.8394473749
Petworth,DC,Washington,2019-11-30,611961.6716518648
Adams Morgan,DC,Washington,2019-11-30,549331.7492179683
Shaw,DC,Washington,2019-11-30,755516.1597490591
Navy Yard,DC,Washington,2019-11-30,766326.0151829772
Anacostia,DC,Washington,2019-11-30,348310.7811918364
Columbia Heights,DC,Washington,2019-12-31,604197.2591543718
Capitol Hill,DC,Washington,2019-12-31,833991.3631630102
Petworth,DC,Washington,2019-12-31,612302.5416695917
Adams Morgan,DC,Washington,2019-12-31,550517.4101599086
Shaw,DC,Washington,2019-12-31,755839.5327305305
Navy Yard,DC,Washington,2019-12-31,768951.1294534967
Anacostia,DC,Washington,2019-12-31,352185.1878805461
Columbia Heights,DC,Washington,2020-01-31,606063.1323984317
Capitol Hill,DC,Washington,2020-01-31,838843.5893450063
Petworth,DC,Washington,2020-01-31,612774.6256279674
Adams Morgan,DC,Washington,2020-01-31,553118.0379503142
Shaw,DC,Washington,2020-01-31,758739.4346687972
Navy Yard,DC,Washington,2020-01-31,771614.1998142941
Anacostia,DC,Washington,2020-01-31,355002.67432297784
Columbia Heights,DC,Washington,2020-02-29,609521.6288953098
Capitol Hill,DC,Washington,2020-02-29,845816.8113472803
Petworth,DC,Washington,2020-02-29,614819.1903026102
Adams Morgan,DC,Washington,2020-02-29,556793.4998386878
Shaw,DC,Washington,2020-02-29,763812.1292529763
Navy Yard,DC,Washington,2020-02-29,774292.6368936099
Anacostia,DC,Washington,2020-02-29,358496.5661751611
Columbia Heights,DC,Washington,2020-03-31,613870.3498422201
Capitol Hill,DC,Washington,2020-03-31,854937.6330140074
Petworth,DC,Washington,2020-03-31,619664.7279
Adams Morgan,DC,Washington,2020-03-31,560932.6439550234
Shaw,DC,Washington,2020-03-31,770298.6054
Navy Yard,DC,Washington,2020-03-31,774059.5269006816
Anacostia,DC,Washington,2020-03-31,362618.7961236921
Columbia Heights,DC,Washington,2020-04-30,618121.2785676202
Capitol Hill,DC,Washington,2020-04-30,864696.6245056804
Petworth,DC,Washington,2020-04-30,627001.0747410365
Adams Morgan,DC,Washington,2020-04-30,563620.5703204975
Shaw,DC,Washington,2020-04-30,775873.4067
Navy Yard,DC,Washington,2020-04-30,773947.5704
Anacostia,DC,Washington,2020-04-30,367965.5577
Columbia Heights,DC,Washington,2020-05-31,619954.8663808521
Capitol Hill,DC,Washington,2020-05-31,871319.8270553137
Petworth,DC,Washington,2020-05-31,631591.9344
Adams Morgan,DC,Washington,2020-05-31,565168.8728742081
Shaw,DC,Washington,2020-05-31,778982.3389
Navy Yard,DC,Washington,2020-05-31,774269.8414351811
Anacostia,DC,Washington,2020-05-31,371706.0588445353
Columbia Heights,DC,Washington,2020-06-30,619911.0286
Capitol Hill,DC,Washington,2020-06-30,872887.7254302615
Petworth,DC,Washington,2020-06-30,633214.3297921465
Adams Morgan,DC,Washington,2020-06-30,564839.2003521295
Shaw,DC,Washington,2020-06-30,779440.0685172874
Navy Yard,DC,Washington,2020-06-30,774663.6763
Anacostia,DC,Washington,2020-06-30,373143.87105795136
Columbia Heights,DC,Washington,2020-07-31,620199.1827887854
Capitol Hill,DC,Washington,2020-07-31,871641.4436842254
Petworth,DC,Washington,2020-07-31,634005.1241372941
Adams Morgan,DC,Washington,2020-07-31,564822.2981
Shaw,DC,Washington,2020-07-31,779733.3860630715
Navy Yard,DC,Washington,2020-07-31,771520.5620777766
Anacostia,DC,Washington,2020-07-31,374919.38831850584
Columbia Heights,DC,Washington,2020-08-31,622660.9614919262
Capitol Hill,DC,Washington,2020-08-31,872591.1908
Petworth,DC,Washington,2020-08-31,638239.4486570545
Adams Morgan,DC,Washington,2020-08-31,565217.4674204086
Shaw,DC,Washington,2020-08-31,781547.3062721109
Navy Yard,DC,Washington,2020-08-31,764011.3382248845
Anacostia,DC,Washington,2020-08-31,378286.2513860536
Columbia Heights,DC,Washington,2020-09-30,627458.7809064499
Capitol Hill,DC,Washington,2020-09-30,877160.2945724769
Petworth,DC,Washington,2020-09-30,645137.3036668897
Adams Morgan,DC,Washington,2020-09-30,567317.3879336583
Shaw,DC,Washington,2020-09-30,786007.8210195182
Navy Yard,DC,Washington,2020-09-30,755773.2825989778
Anacostia,DC,Washington,2020-09-30,382710.17863310914
Columbia Heights,DC,Washington,2020-10-31,631631.3009
Capitol Hill,DC,Washington,2020-10-31,881194.6180076818
Petworth,DC,Washington,2020-10-31,651887.7611060491
Adams Morgan,DC,Washington,2020-10-31,569229.1607980257
Shaw,DC,Washington,2020-10-31,789473.3267149422
Navy Yard,DC,Washington,2020-10-31,749627.2440018767
Anacostia,DC,Washington,2020-10-31,387222.53350088093
Columbia Heights,DC,Washington,2020-11-30,635528.4175485327
Capitol Hill,DC,Washington,2020-11-30,885657.4183699493
Petworth,DC,Washington,2020-11-30,659068.9541750667
Adams Morgan,DC,Washington,2020-11-30,570831.9259531213
Shaw,DC,Washington,2020-11-30,793255.2664294796
Navy Yard,DC,Washington,2020-11-30,746097.4344665086
Anacostia,DC,Washington,2020-11-30,392349.2558419971
Columbia Heights,DC,Washington,2020-12-31,638044.1230200412
Capitol Hill,DC,Washington,2020-12-31,889088.9589558127
Petworth,DC,Washington,2020-12-31,665259.6790316334
Adams Morgan,DC,Washington,2020-12-31,571512.6810084773
Shaw,DC,Washington,2020-12-31,795126.695
Navy Yard,DC,Washington,2020-12-31,745614.4036515212
Anacostia,DC,Washington,2020-12-31,398310.10306731425
Columbia Heights,DC,Washington,2021-01-31,639660.6151238028
Capitol Hill,DC,Washington,2021-01-31,891102.1662314894
Petworth,DC,Washington,2021-01-31,670398.5467825619
Adams Morgan,DC,Washington,2021-01-31,571299.6847288013
Shaw,DC,Washington,2021-01-31,795238.7781648935
Navy Yard,DC,Washington,2021-01-31,745144.7916555209
Anacostia,DC,Washington,2021-01-31,404091.4653647873
Columbia Heights,DC,Washington,2021-02-28,641210.3118
Capitol Hill,DC,Washington,2021-02-28,893382.618
Petworth,DC,Washington,2021-02-28,675505.3752747807
Adams Morgan,DC,Washington,2021-02-28,570500.4701109777
Shaw,DC,Washington,2021-02-28,794749.8346018633
Navy Yard,DC,Washington,2021-02-28,743866.0496
Anacostia,DC,Washington,2021-02-28,409236.8570915155
Columbia Heights,DC,Washington,2021-03-31,644256.1645146514
Capitol Hill,DC,Washington,2021-03-31,898534.0481672398
Petworth,DC,Washington,2021-03-31,682146.0858701019
Adams Morgan,DC,Washington,2021-03-31,570750.1993408477
Shaw,DC,Washington,2021-03-31,795676.728
Navy Yard,DC,Washington,2021-03-31,741664.0982895959
Anacostia,DC,Washington,2021-03-31,414487.8491552782
Columbia Heights,DC,Washington,2021-04-30,648350.0173093461
Capitol Hill,DC,Washington,2021-04-30,906901.2615692832
Petworth,DC,Washington,2021-04-30,690142.9861234049
Adams Morgan,DC,Washington,2021-04-30,572216.8383951989
Shaw,DC,Washington,2021-04-30,800125.4330775625
Navy Yard,DC,Washington,2021-04-30,742399.8621351457
Anacostia,DC,Washington,2021-04-30,419366.5660798535
Columbia Heights,DC,Washington,2021-05-31,652880.4159321153
Capitol Hill,DC,Washington,2021-05-31,917504.342533044
Petworth,DC,Washington,2021-05-31,699086.8811261867
Adams Morgan,DC,Washington,2021-05-31,575017.7318300096
Shaw,DC,Washington,2021-05-31,806719.1721
Navy Yard,DC,Washington,2021-05-31,745455.7991965576
Anacostia,DC,Washington,2021-05-31,423771.94587089494
Columbia Heights,DC,Washington,2021-06-30,656611.3276854065
Capitol Hill,DC,Washington,2021-06-30,928776.5091
Petworth,DC,Washington,2021-06-30,708372.8701213357
Adams Morgan,DC,Washington,2021-06-30,577699.3570147437
Shaw,DC,Washington,2021-06-30,813478.4088832127
Navy Yard,DC,Washington,2021-06-30,749897.9575496279
Anacostia,DC,Washington,2021-06-30,426469.9728913335
Columbia Heights,DC,Washington,2021-07-31,658421.2241924292
Capitol Hill,DC,Washington,2021-07-31,936975.9496804236
Petworth,DC,Washington,2021-07-31,713617.2782485038
Adams Morgan,DC,Washington,2021-07-31,580248.8739661679
Shaw,DC,Washington,2021-07-31,818856.5352725022
Navy Yard,DC,Washington,2021-07-31,749628.86
Anacostia,DC,Washington,2021-07-31,427168.8012784587
Columbia Heights,DC,Washington,2021-08-31,657176.7421504583
Capitol Hill,DC,Washington,2021-08-31,939973.5766401952
Petworth,DC,Washington,2021-08-31,714272.0850300286
Adams Morgan,DC,Washington,2021-08-31,581973.6320789853
Shaw,DC,Washington,2021-08-31,821185.2515532998
Navy Yard,DC,Washington,2021-08-31,747112.4479303611
Anacostia,DC,Washington,2021-08-31,425619.6322911734
Columbia Heights,DC,Washington,2021-09-30,654443.18
Capitol Hill,DC,Washington,2021-09-30,938572.8322738396
Petworth,DC,Washington,2021-09-30,710338.0516556959
Adams Morgan,DC,Washington,2021-09-30,582478.9189626575
Shaw,DC,Washington,2021-09-30,822114.2722405577
Navy Yard,DC,Washington,2021-09-30,744744.0355838671
Anacostia,DC,Washington,2021-09-30,423019.4699140966
Columbia Heights,DC,Washington,2021-10-31,653157.7164881405
Capitol Hill,DC,Washington,2021-10-31,937391.7547058542
Petworth,DC,Washington,2021-10-31,706925.2583116043
Adams Morgan,DC,Washington,2021-10-31,583772.1085297652
Shaw,DC,Washington,2021-10-31,823924.3913855302
Navy Yard,DC,Washington,2021-10-31,748462.1257641442
Anacostia,DC,Washington,2021-10-31,420527.90670442674
Columbia Heights,DC,Washington,2021-11-30,653855.9053989951
Capitol Hill,DC,Washington,2021-11-30,936761.83908239
Petworth,DC,Washington,2021-11-30,703274.9419024367
Adams Morgan,DC,Washington,2021-11-30,586511.9806738716
Shaw,DC,Washington,2021-11-30,828426.6387433149
Navy Yard,DC,Washington,2021-11-30,760447.7805623162
Anacostia,DC,Washington,2021-11-30,417842.4743497391
Columbia Heights,DC,Washington,2021-12-31,655162.5551
Capitol Hill,DC,Washington,2021-12-31,936085.4747677904
Petworth,DC,Washington,2021-12-31,700254.9759964029
Adams Morgan,DC,Washington,2021-12-31,589877.9632870416
Shaw,DC,Washington,2021-12-31,831988.0407083919
Navy Yard,DC,Washington,2021-12-31,769212.7146
Anacostia,DC,Washington,2021-12-31,414725.64599963906
Columbia Heights,DC,Washington,2022-01-31,657660.7312129677
Capitol Hill,DC,Washington,2022-01-31,936344.4159035076
Petworth,DC,Washington,2022-01-31,701461.1446440886
Adams Morgan,DC,Washington,2022-01-31,591171.5879037738
Shaw,DC,Washington,2022-01-31,833195.2634850895
Navy Yard,DC,Washington,2022-01-31,767154.2047085529
Anacostia,DC,Washington,2022-01-31,413201.46034185094
Columbia Heights,DC,Washington,2022-02-28,662825.4193162228
Capitol Hill,DC,Washington,2022-02-28,940673.7448471208
Petworth,DC,Washington,2022-02-28,709269.9363640212
Adams Morgan,DC,Washington,2022-02-28,591581.8600586829
Shaw,DC,Washington,2022-02-28,832964.2162773712
Navy Yard,DC,Washington,2022-02-28,754591.6488143426
NoMa,DC,Washington,2022-02-28,567803.9746695575
Anacostia,DC,Washington,2022-02-28,414803.6976249214
Columbia Heights,DC,Washington,2022-03-31,671008.1813480634
Capitol Hill,DC,Washington,2022-03-31,951808.5608979288
Petworth,DC,Washington,2022-03-31,723312.3991
Adams Morgan,DC,Washington,2022-03-31,592566.3725
Shaw,DC,Washington,2022-03-31,836621.9623
Navy Yard,DC,Washington,2022-03-31,742852.1648043673
NoMa,DC,Washington,2022-03-31,567664.2964
Anacostia,DC,Washington,2022-03-31,420623.2358835258
Columbia Heights,DC,Washington,2022-04-30,678148.9912988468
Capitol Hill,DC,Washington,2022-04-30,964085.6649291688
Petworth,DC,Washington,2022-04-30,736176.6924
Adams Morgan,DC,Washington,2022-04-30,594152.6169949755
Shaw,DC,Washington,2022-04-30,841022.3903539217
Navy Yard,DC,Washington,2022-04-30,736863.7736496074
NoMa,DC,Washington,2022-04-30,565743.6036954236
Anacostia,DC,Washington,2022-04-30,426466.2317118418
Columbia Heights,DC,Washington,2022-05-31,681453.8246233274
Capitol Hill,DC,Washington,2022-05-31,972182.2407516614
Petworth,DC,Washington,2022-05-31,743720.1422352213
Adams Morgan,DC,Washington,2022-05-31,594686.5807718518
Shaw,DC,Washington,2022-05-31,843551.8313839114
Navy Yard,DC,Washington,2022-05-31,732541.5293960137
NoMa,DC,Washington,2022-05-31,563988.8393047077
Anacostia,DC,Washington,2022-05-31,430008.2293756895
Columbia Heights,DC,Washington,2022-06-30,681007.2251
Capitol Hill,DC,Washington,2022-06-30,973121.9813833038
Petworth,DC,Washington,2022-06-30,744761.1291675748
Adams Morgan,DC,Washington,2022-06-30,593637.6085405193
Shaw,DC,Washington,2022-06-30,841958.9923511721
Navy Yard,DC,Washington,2022-06-30,725329.9528448418
NoMa,DC,Washington,2022-06-30,561049.2489914042
Anacostia,DC,Washington,2022-06-30,429898.7982331654
Columbia Heights,DC,Washington,2022-07-31,677148.5245038932
Capitol Hill,DC,Washington,2022-07-31,966942.3023780402
Petworth,DC,Washington,2022-07-31,739851.3085474182
Adams Morgan,DC,Washington,2022-07-31,589630.2075
Shaw,DC,Washington,2022-07-31,836027.4011285243
Navy Yard,DC,Washington,2022-07-31,715619.8718818038
NoMa,DC,Washington,2022-07-31,558517.1392321842
Anacostia,DC,Washington,2022-07-31,426863.56282172696
Columbia Heights,DC,Washington,2022-08-31,671773.1907834857
Capitol Hill,DC,Washington,2022-08-31,956152.5340215752
Petworth,DC,Washington,2022-08-31,731264.0079
Adams Morgan,DC,Washington,2022-08-31,583837.8143
Shaw,DC,Washington,2022-08-31,827353.0057856339
Navy Yard,DC,Washington,2022-08-31,705603.6394655863
NoMa,DC,Washington,2022-08-31,555451.7002128417
Anacostia,DC,Washington,2022-08-31,422585.4842574563
Columbia Heights,DC,Washington,2022-09-30,664473.4214647808
Capitol Hill,DC,Washington,2022-09-30,941887.3121937014
Petworth,DC,Washington,2022-09-30,720285.1371845888
Adams Morgan,DC,Washington,2022-09-30,576673.5559
Shaw,DC,Washington,2022-09-30,815613.9640118731
Navy Yard,DC,Washington,2022-09-30,697710.6039384428
NoMa,DC,Washington,2022-09-30,552827.6394189964
Anacostia,DC,Washington,2022-09-30,417149.7593256541
Columbia Heights,DC,Washington,2022-10-31,659049.0898689205
Capitol Hill,DC,Washington,2022-10-31,932006.3632418498
Petworth,DC,Washington,2022-10-31,712091.8137684045
Adams Morgan,DC,Washington,2022-10-31,572321.6036246362
Shaw,DC,Washington,2022-10-31,806683.4452
Navy Yard,DC,Washington,2022-10-31,692344.5612198649
NoMa,DC,Washington,2022-10-31,550299.6067498232
Anacostia,DC,Washington,2022-10-31,412460.4997629945
Columbia Heights,DC,Washington,2022-11-30,654462.9377265566
Capitol Hill,DC,Washington,2022-11-30,927161.2139817084
Petworth,DC,Washington,2022-11-30,706038.5797245152
Adams Morgan,DC,Washington,2022-11-30,569744.9556259761
Shaw,DC,Washington,2022-11-30,799849.4573456402
Navy Yard,DC,Washington,2022-11-30,687497.8064987686
NoMa,DC,Washington,2022-11-30,545588.2787282263
Anacostia,DC,Washington,2022-11-30,407865.74856871733
Columbia Heights,DC,Washington,2022-12-31,650735.1513484869
Capitol Hill,DC,Washington,2022-12-31,925015.1402
Petworth,DC,Washington,2022-12-31,701346.5004937941
Adams Morgan,DC,Washington,2022-12-31,568832.2914419762
Shaw,DC,Washington,2022-12-31,795713.5334
Navy Yard,DC,Washington,2022-12-31,682655.0795136767
NoMa,DC,Washington,2022-12-31,538372.3836547768
Anacostia,DC,Washington,2022-12-31,403895.11233120546
Columbia Heights,DC,Washington,2023-01-31,647115.1628529631
Capitol Hill,DC,Washington,2023-01-31,924458.32777422
Petworth,DC,Washington,2023-01-31,697220.7514240503
Adams Morgan,DC,Washington,2023-01-31,567670.0424474573
Shaw,DC,Washington,2023-01-31,791459.9740519508
Navy Yard,DC,Washington,2023-01-31,676728.7382306267
NoMa,DC,Washington,2023-01-31,528307.4031562839
Anacostia,DC,Washington,2023-01-31,401033.1768171571
Columbia Heights,DC,Washington,2023-02-28,644722.4075457581
Capitol Hill,DC,Washington,2023-02-28,924417.2050095126
Petworth,DC,Washington,2023-02-28,694451.0185153651
Adams Morgan,DC,Washington,2023-02-28,567257.2095453999
Shaw,DC,Washington,2023-02-28,789776.6654494107
Navy Yard,DC,Washington,2023-02-28,672055.4424193009
NoMa,DC,Washington,2023-02-28,519904.1126
Anacostia,DC,Washington,2023-02-28,399404.9201947707
Columbia Heights,DC,Washington,2023-03-31,643396.9898326925
Capitol Hill,DC,Washington,2023-03-31,925263.244468226
Petworth,DC,Washington,2023-03-31,692353.8590863594
Adams Morgan,DC,Washington,2023-03-31,567135.8607231672
Shaw,DC,Washington,2023-03-31,788968.3907734803
Navy Yard,DC,Washington,2023-03-31,669934.3163957183
NoMa,DC,Washington,2023-03-31,514101.7206880997
Anacostia,DC,Washington,2023-03-31,398259.9024066625
Columbia Heights,DC,Washington,2023-04-30,642441.1413457711
Capitol Hill,DC,Washington,2023-04-30,925629.0411
Petworth,DC,Washington,2023-04-30,690130.0928103776
Adams Morgan,DC,Washington,2023-04-30,567448.8468245458
Shaw,DC,Washington,2023-04-30,789419.7752099455
Navy Yard,DC,Washington,2023-04-30,671447.0546394442
NoMa,DC,Washington,2023-04-30,511282.0717613318
Anacostia,DC,Washington,2023-04-30,398176.1506549709
Columbia Heights,DC,Washington,2023-05-31,641498.8698205771
Capitol Hill,DC,Washington,2023-05-31,926169.9713150542
Petworth,DC,Washington,2023-05-31,687337.2197332005
Adams Morgan,DC,Washington,2023-05-31,568324.9243
Shaw,DC,Washington,2023-05-31,789310.3036157992
Navy Yard,DC,Washington,2023-05-31,673375.2110596468
NoMa,DC,Washington,2023-05-31,509021.0906
Anacostia,DC,Washington,2023-05-31,398920.73935724975
Columbia Heights,DC,Washington,2023-06-30,641440.3453750758
Capitol Hill,DC,Washington,2023-06-30,927929.6059579706
Petworth,DC,Washington,2023-06-30,685799.8854808817
Adams Morgan,DC,Washington,2023-06-30,570034.8077577777
Shaw,DC,Washington,2023-06-30,790315.9190457877
Navy Yard,DC,Washington,2023-06-30,675672.7538495674
NoMa,DC,Washington,2023-06-30,507901.8402148725
Anacostia,DC,Washington,2023-06-30,400364.36359092133
Columbia Heights,DC,Washington,2023-07-31,642815.1744065356
Capitol Hill,DC,Washington,2023-07-31,929819.7644880764
Petworth,DC,Washington,2023-07-31,686174.2613864908
Adams Morgan,DC,Washington,2023-07-31,573136.2489598221
Shaw,DC,Washington,2023-07-31,792313.1532900076
Navy Yard,DC,Washington,2023-07-31,678357.5760211287
NoMa,DC,Washington,2023-07-31,507991.5148232716
Anacostia,DC,Washington,2023-07-31,401313.0851566033
Columbia Heights,DC,Washington,2023-08-31,645399.2264076485
Capitol Hill,DC,Washington,2023-08-31,930342.9101109247
Petworth,DC,Washington,2023-08-31,687695.7747382045
Adams Morgan,DC,Washington,2023-08-31,577016.6335945672
Shaw,DC,Washington,2023-08-31,795186.7414
Navy Yard,DC,Washington,2023-08-31,682684.2090871467
NoMa,DC,Washington,2023-08-31,507070.2861
Anacostia,DC,Washington,2023-08-31,401528.7759267758
Columbia Heights,DC,Washington,2023-09-30,647650.9630913214
Capitol Hill,DC,Washington,2023-09-30,928499.17598085
Petworth,DC,Washington,2023-09-30,688969.8852569564
Adams Morgan,DC,Washington,2023-09-30,580549.9171
Shaw,DC,Washington,2023-09-30,797309.6009067302
Navy Yard,DC,Washington,2023-09-30,686508.3098343314
NoMa,DC,Washington,2023-09-30,505974.2610557072
Anacostia,DC,Washington,2023-09-30,400715.0596361736
Columbia Heights,DC,Washington,2023-10-31,648536.8830503513
Capitol Hill,DC,Washington,2023-10-31,925590.1465340698
Petworth,DC,Washington,2023-10-31,688739.5402
Adams Morgan,DC,Washington,2023-10-31,582800.382
Shaw,DC,Washington,2023-10-31,797824.633
Navy Yard,DC,Washington,2023-10-31,686922.3217317732
NoMa,DC,Washington,2023-10-31,502665.9896053623
Anacostia,DC,Washington,2023-10-31,398500.8328426249
Columbia Heights,DC,Washington,2023-11-30,647637.3612867935
Capitol Hill,DC,Washington,2023-11-30,921434.60518996
Petworth,DC,Washington,2023-11-30,686256.5058191492
Adams Morgan,DC,Washington,2023-11-30,582989.9304023565
Shaw,DC,Washington,2023-11-30,795621.3075417412
Navy Yard,DC,Washington,2023-11-30,684222.2604712025
NoMa,DC,Washington,2023-11-30,497801.83963856025
Anacostia,DC,Washington,2023-11-30,396086.2053890326
Columbia Heights,DC,Washington,2023-12-31,646032.7972301379
Capitol Hill,DC,Washington,2023-12-31,917633.8481194234
Petworth,DC,Washington,2023-12-31,683272.6141761413
Adams Morgan,DC,Washington,2023-12-31,582018.6396778208
Shaw,DC,Washington,2023-12-31,792331.5662938709
Navy Yard,DC,Washington,2023-12-31,679209.8522397749
NoMa,DC,Washington,2023-12-31,491062.8292525784
Anacostia,DC,Washington,2023-12-31,394302.07827809546
Columbia Heights,DC,Washington,2024-01-31,644170.0479832211
Capitol Hill,DC,Washington,2024-01-31,913032.4446157352
Petworth,DC,Washington,2024-01-31,679801.1203328143
Adams Morgan,DC,Washington,2024-01-31,581187.4075897237
Shaw,DC,Washington,2024-01-31,789753.5194926308
Navy Yard,DC,Washington,2024-01-31,675388.1906913487
NoMa,DC,Washington,2024-01-31,485113.3505295876
Anacostia,DC,Washington,2024-01-31,392838.8620028211
Columbia Heights,DC,Washington,2024-02-29,644019.0644236291
Capitol Hill,DC,Washington,2024-02-29,910925.9613
Petworth,DC,Washington,2024-02-29,678476.0870426596
Adams Morgan,DC,Washington,2024-02-29,581224.9316154746
Shaw,DC,Washington,2024-02-29,789798.7880720003
Navy Yard,DC,Washington,2024-02-29,673840.8050945165
NoMa,DC,Washington,2024-02-29,482539.75414772384
Anacostia,DC,Washington,2024-02-29,392657.6899647179
Columbia Heights,DC,Washington,2024-03-31,644743.6896523961
Capitol Hill,DC,Washington,2024-03-31,910974.6203
Petworth,DC,Washington,2024-03-31,679018.3699199151
Adams Morgan,DC,Washington,2024-03-31,582268.7665635595
Shaw,DC,Washington,2024-03-31,791519.1120305861
Navy Yard,DC,Washington,2024-03-31,674861.3000878526
NoMa,DC,Washington,2024-03-31,480954.59842844354
Anacostia,DC,Washington,2024-03-31,393039.20044829906
Columbia Heights,DC,Washington,2024-04-30,645270.3094804583
Capitol Hill,DC,Washington,2024-04-30,911809.0444453644
Petworth,DC,Washington,2024-04-30,679949.4209189509
Adams Morgan,DC,Washington,2024-04-30,583166.1239880668
Shaw,DC,Washington,2024-04-30,793128.6190881053
Navy Yard,DC,Washington,2024-04-30,676913.4331503606
NoMa,DC,Washington,2024-04-30,480178.15452157333
Anacostia,DC,Washington,2024-04-30,393876.97409307613
Columbia Heights,DC,Washington,2024-05-31,643357.8819
Capitol Hill,DC,Washington,2024-05-31,910670.8446424037
Petworth,DC,Washington,2024-05-31,679388.1554126982
Adams Morgan,DC,Washington,2024-05-31,583306.0664140753
Shaw,DC,Washington,2024-05-31,791712.1064237036
Navy Yard,DC,Washington,2024-05-31,677049.2527510627
NoMa,DC,Washington,2024-05-31,478563.0101101855
Anacostia,DC,Washington,2024-05-31,393404.72020954825
Columbia Heights,DC,Washington,2024-06-30,638786.0795289055
Capitol Hill,DC,Washington,2024-06-30,906407.4781264308
Petworth,DC,Washington,2024-06-30,675121.8824848764
Adams Morgan,DC,Washington,2024-06-30,581452.2812087898
Shaw,DC,Washington,2024-06-30,787088.6742
Navy Yard,DC,Washington,2024-06-30,674911.1195937508
NoMa,DC,Washington,2024-06-30,475619.6665536331
Anacostia,DC,Washington,2024-06-30,390977.33808382106
Columbia Heights,DC,Washington,2024-07-31,634370.1811893051
Capitol Hill,DC,Washington,2024-07-31,902717.5462679212
Petworth,DC,Washington,2024-07-31,669955.6067
Adams Morgan,DC,Washington,2024-07-31,579612.3519042837
Shaw,DC,Washington,2024-07-31,782104.7116048486
Navy Yard,DC,Washington,2024-07-31,671694.2321818398
NoMa,DC,Washington,2024-07-31,471933.75421399745
Anacostia,DC,Washington,2024-07-31,388823.81612886133
Columbia Heights,DC,Washington,2024-08-31,630870.528
Capitol Hill,DC,Washington,2024-08-31,900470.6813
Petworth,DC,Washington,2024-08-31,663863.0464575473
Adams Morgan,DC,Washington,2024-08-31,578123.4101758766
Shaw,DC,Washington,2024-08-31,778831.6347585294
Navy Yard,DC,Washington,2024-08-31,669778.8035293672
NoMa,DC,Washington,2024-08-31,467051.0484250298
Anacostia,DC,Washington,2024-08-31,387161.9972912892
Columbia Heights,DC,Washington,2024-09-30,630434.5351
Capitol Hill,DC,Washington,2024-09-30,902069.7207974693
Petworth,DC,Washington,2024-09-30,661105.8662794763
Adams Morgan,DC,Washington,2024-09-30,579435.4862
Shaw,DC,Washington,2024-09-30,779342.6871670164
Navy Yard,DC,Washington,2024-09-30,670164.0517491727
NoMa,DC,Washington,2024-09-30,463389.8601934401
Anacostia,DC,Washington,2024-09-30,387542.5432908523
Columbia Heights,DC,Washington,2024-10-31,630304.5918403639
Capitol Hill,DC,Washington,2024-10-31,903311.5270144698
Petworth,DC,Washington,2024-10-31,659101.1367115459
Adams Morgan,DC,Washington,2024-10-31,581161.0599910951
Shaw,DC,Washington,2024-10-31,779773.5785136297
Navy Yard,DC,Washington,2024-10-31,669250.4733663871
NoMa,DC,Washington,2024-10-31,461919.8458013448
Anacostia,DC,Washington,2024-10-31,387563.3008
